{
	"info": {
		"_postman_id": "132111cd-842a-4feb-bfef-f8cc55fbbf94",
		"name": "PetStore_JSON_UserModel",
		"schema": "https://schema.getpostman.com/json/collection/v2.1.0/collection.json",
		"_exporter_id": "4924228"
	},
	"item": [
		{
			"name": "Create User",
			"event": [
				{
					"listen": "prerequest",
					"script": {
						"exec": [
							"const randomnum = Math.floor((Math.random()*100+1));\r",
							"var randomstr =\"john\"+Math.random().toString(36).substring(2); \r",
							"\r",
							"pm.environment.set(\"id\", randomnum); \r",
							"pm.collectionVariables.set(\"username\", randomstr);\r",
							"pm.collectionVariables.set(\"firstName\",randomstr);\r",
							"pm.collectionVariables.set(\"lastName\", randomstr);\r",
							"pm.collectionVariables.set(\"email\", randomstr+\"@gmail.com\");\r",
							"pm.collectionVariables.set(\"password\", randomstr);\r",
							"pm.collectionVariables.set(\"phone\", \"1111111111\");\r",
							"pm.collectionVariables.set(\"userStatus\", 0);\r",
							"\r",
							"console.log(randomnum);"
						],
						"type": "text/javascript"
					}
				},
				{
					"listen": "test",
					"script": {
						"exec": [
							"pm.test(\"Check status code\", function () {\r",
							"    pm.response.to.have.status(200);\r",
							"});"
						],
						"type": "text/javascript"
					}
				}
			],
			"request": {
				"method": "POST",
				"header": [],
				"body": {
					"mode": "raw",
					"raw": "{\r\n    \"id\": {{id}},\r\n    \"username\": \"{{username}}\",\r\n    \"firstName\": \"{{firstName}}\",\r\n    \"lastName\": \"{{lastName}}\",\r\n    \"email\": \"{{email}}\",\r\n    \"password\": \"{{password}}\",\r\n    \"phone\": \"{{phone}}\",\r\n    \"userStatus\": {{userStatus}}\r\n}",
					"options": {
						"raw": {
							"language": "json"
						}
					}
				},
				"url": {
					"raw": "https://petstore.swagger.io/v2/user",
					"protocol": "https",
					"host": [
						"petstore",
						"swagger",
						"io"
					],
					"path": [
						"v2",
						"user"
					]
				}
			},
			"response": []
		},
		{
			"name": "Get User By Name",
			"event": [
				{
					"listen": "test",
					"script": {
						"exec": [
							"pm.test(\"Check status code\", function () {\r",
							"    pm.response.to.have.status(200);\r",
							"});"
						],
						"type": "text/javascript"
					}
				}
			],
			"request": {
				"method": "GET",
				"header": [],
				"url": {
					"raw": "https://petstore.swagger.io/v2/user/{{firstName}}",
					"protocol": "https",
					"host": [
						"petstore",
						"swagger",
						"io"
					],
					"path": [
						"v2",
						"user",
						"{{firstName}}"
					],
					"query": [
						{
							"key": "",
							"value": "",
							"disabled": true
						}
					]
				}
			},
			"response": []
		},
		{
			"name": "Update User By Name",
			"event": [
				{
					"listen": "prerequest",
					"script": {
						"exec": [
							"var randomstr =\"john\"+Math.random().toString(36).substring(2); \r",
							"\r",
							"//Updating email & phone\r",
							"pm.collectionVariables.set(\"email\", randomstr+\"@gmail.com\");\r",
							"pm.collectionVariables.set(\"phone\", \"2222222222\");\r",
							""
						],
						"type": "text/javascript"
					}
				},
				{
					"listen": "test",
					"script": {
						"exec": [
							"pm.test(\"Check status code\", function () {\r",
							"    pm.response.to.have.status(200);\r",
							"});"
						],
						"type": "text/javascript"
					}
				}
			],
			"request": {
				"method": "PUT",
				"header": [],
				"body": {
					"mode": "raw",
					"raw": "{\r\n    \"id\": \"{{id}}\",\r\n    \"username\": \"{{username}}\",\r\n    \"firstName\": \"{{firstName}}\",\r\n    \"lastName\": \"{{lastName}}\",\r\n    \"email\": \"{{email}}\",\r\n    \"password\": \"{{password}}\",\r\n    \"phone\": \"{{phone}}\",\r\n    \"userStatus\": \"{{userStatus}}\"\r\n}",
					"options": {
						"raw": {
							"language": "json"
						}
					}
				},
				"url": {
					"raw": "https://petstore.swagger.io/v2/user/{{firstName}}",
					"protocol": "https",
					"host": [
						"petstore",
						"swagger",
						"io"
					],
					"path": [
						"v2",
						"user",
						"{{firstName}}"
					]
				}
			},
			"response": []
		},
		{
			"name": "Delete User By Name",
			"event": [
				{
					"listen": "test",
					"script": {
						"exec": [
							"pm.test(\"Check status code\", function () {\r",
							"    pm.response.to.have.status(200);\r",
							"});\r",
							"\r",
							"pm.environment.unset(\"id\");\r",
							"pm.collectionVariables.unset(\"username\");\r",
							"pm.collectionVariables.unset(\"firstName\");\r",
							"pm.collectionVariables.unset(\"lastName\");\r",
							"pm.collectionVariables.unset(\"email\");\r",
							"pm.collectionVariables.unset(\"password\");\r",
							"pm.collectionVariables.unset(\"phone\");\r",
							"pm.collectionVariables.unset(\"userStatus\");\r",
							""
						],
						"type": "text/javascript"
					}
				}
			],
			"request": {
				"method": "DELETE",
				"header": [],
				"url": {
					"raw": "https://petstore.swagger.io/v2/user/{{firstName}}",
					"protocol": "https",
					"host": [
						"petstore",
						"swagger",
						"io"
					],
					"path": [
						"v2",
						"user",
						"{{firstName}}"
					]
				}
			},
			"response": []
		}
	],
	"event": [
		{
			"listen": "prerequest",
			"script": {
				"type": "text/javascript",
				"exec": [
					""
				]
			}
		},
		{
			"listen": "test",
			"script": {
				"type": "text/javascript",
				"exec": [
					""
				]
			}
		}
	]
}