{
	"info": {
		"_postman_id": "eb545447-e754-4092-9e54-74a3a2cfb3df",
		"name": "PetStore_XML_PetModel",
		"schema": "https://schema.getpostman.com/json/collection/v2.1.0/collection.json",
		"_exporter_id": "4924228"
	},
	"item": [
		{
			"name": "Add new Pet",
			"event": [
				{
					"listen": "test",
					"script": {
						"exec": [
							"pm.test(\"Check status code\", function () {\r",
							"    pm.response.to.have.status(200);\r",
							"});\r",
							"\r",
							"pm.test(\"Check Pet Name\", function () {\r",
							"    var jsonData = xml2Json(responseBody); //convert xml to json data\r",
							"    pm.expect(jsonData.Pet.name).to.eq(\"Jimmy\");\r",
							"});\r",
							"\r",
							"//capture ID as collection variable\r",
							"var jsonData = xml2Json(responseBody); //convert xml to json data\r",
							"pm.collectionVariables.set(\"petid\",jsonData.Pet.id)\r",
							"\r",
							"\r",
							""
						],
						"type": "text/javascript"
					}
				}
			],
			"request": {
				"method": "POST",
				"header": [
					{
						"key": "accept",
						"value": "application/xml"
					},
					{
						"key": "Content-Type",
						"value": "application/xml"
					}
				],
				"body": {
					"mode": "raw",
					"raw": "<?xml version=\"1.0\" encoding=\"UTF-8\"?>\r\n<Pet>\r\n    <id>0</id>\r\n    <Category>\r\n        <id>0</id>\r\n        <name>Dog</name>\r\n    </Category>\r\n    <name>Jimmy</name>\r\n    <photoUrls>\r\n        <photoUrl>string</photoUrl>\r\n    </photoUrls>\r\n    <tags>\r\n        <Tag>\r\n            <id>0</id>\r\n            <name>string</name>\r\n        </Tag>\r\n    </tags>\r\n    <status>available</status>\r\n</Pet>"
				},
				"url": {
					"raw": "https://petstore.swagger.io/v2/pet",
					"protocol": "https",
					"host": [
						"petstore",
						"swagger",
						"io"
					],
					"path": [
						"v2",
						"pet"
					]
				},
				"description": "Generated from a curl request: \ncurl -X POST \\\"https://petstore.swagger.io/v2/pet\\\" -H \\\"accept: application/xml\\\" -H \\\"Content-Type: application/json\\\" -d \\\"{ \\\\\"id\\\\\": 0, \\\\\"category\\\\\": { \\\\\"id\\\\\": 0, \\\\\"name\\\\\": \\\\\"string\\\\\" }, \\\\\"name\\\\\": \\\\\"doggie\\\\\", \\\\\"photoUrls\\\\\": [ \\\\\"string\\\\\" ], \\\\\"tags\\\\\": [ { \\\\\"id\\\\\": 0, \\\\\"name\\\\\": \\\\\"string\\\\\" } ], \\\\\"status\\\\\": \\\\\"available\\\\\"}\\\"\n"
			},
			"response": []
		},
		{
			"name": "Find pet by id",
			"event": [
				{
					"listen": "test",
					"script": {
						"exec": [
							"pm.test(\"Check status code\", function () {\r",
							"    pm.response.to.have.status(200);\r",
							"});\r",
							"\r",
							"pm.test(\"Check Pet ID\", function () {\r",
							"    var jsonData = xml2Json(responseBody); //convert xml to json data\r",
							"    pm.expect(jsonData.Pet.id).to.eq(pm.collectionVariables.get(\"petid\"));\r",
							"});"
						],
						"type": "text/javascript"
					}
				}
			],
			"request": {
				"method": "GET",
				"header": [
					{
						"key": "accept",
						"value": "application/xml"
					}
				],
				"url": {
					"raw": "https://petstore.swagger.io/v2/pet/{{petid}}",
					"protocol": "https",
					"host": [
						"petstore",
						"swagger",
						"io"
					],
					"path": [
						"v2",
						"pet",
						"{{petid}}"
					]
				},
				"description": "Generated from a curl request: \ncurl -X GET \\\"https://petstore.swagger.io/v2/pet/15435006002045\\\" -H \\\"accept: application/xml\\\""
			},
			"response": []
		},
		{
			"name": "Update Existing pet details",
			"event": [
				{
					"listen": "test",
					"script": {
						"exec": [
							"pm.test(\"Check status code\", function () {\r",
							"    pm.response.to.have.status(200);\r",
							"});\r",
							"\r",
							"pm.test(\"Check Pet Name\", function () {\r",
							"    var jsonData = xml2Json(responseBody); //convert xml to json data\r",
							"    pm.expect(jsonData.Pet.name).to.eq(\"Tommy\");\r",
							"});\r",
							""
						],
						"type": "text/javascript"
					}
				}
			],
			"request": {
				"method": "PUT",
				"header": [
					{
						"key": "accept",
						"value": "application/xml"
					},
					{
						"key": "Content-Type",
						"value": "application/xml"
					}
				],
				"body": {
					"mode": "raw",
					"raw": "<?xml version=\"1.0\" encoding=\"UTF-8\"?>\r\n<Pet>\r\n\t<id>{{petid}}</id>\r\n\t<Category>\r\n\t\t<id>0</id>\r\n\t\t<name>string</name>\r\n\t</Category>\r\n\t<name>Tommy</name>\r\n\t<photoUrls>\r\n\t\t<photoUrl>string</photoUrl>\r\n\t</photoUrls>\r\n\t<tags>\r\n\t\t<Tag>\r\n\t\t\t<id>0</id>\r\n\t\t\t<name>string</name>\r\n\t\t</Tag>\r\n\t</tags>\r\n\t<status>available</status>\r\n</Pet>"
				},
				"url": {
					"raw": "https://petstore.swagger.io/v2/pet",
					"protocol": "https",
					"host": [
						"petstore",
						"swagger",
						"io"
					],
					"path": [
						"v2",
						"pet"
					]
				},
				"description": "Generated from a curl request: \ncurl -X PUT \\\"https://petstore.swagger.io/v2/pet\\\" -H \\\"accept: application/xml\\\" -H \\\"Content-Type: application/xml\\\" -d \\\"<?xml version=\\\\\"1.0\\\\\" encoding=\\\\\"UTF-8\\\\\"?><Pet>\\t<id>0</id>\\t<Category>\\t\\t<id>0</id>\\t\\t<name>string</name>\\t</Category>\\t<name>doggie</name>\\t<photoUrl>\\t\\t<photoUrl>string</photoUrl>\\t</photoUrl>\\t<tag>\\t\\t<Tag>\\t\\t\\t<id>0</id>\\t\\t\\t<name>string</name>\\t\\t</Tag>\\t</tag>\\t<status>available</status></Pet>\\\""
			},
			"response": []
		},
		{
			"name": "Delete Pet",
			"event": [
				{
					"listen": "test",
					"script": {
						"exec": [
							"pm.collectionVariables.unset(\"petid\");"
						],
						"type": "text/javascript"
					}
				}
			],
			"request": {
				"method": "DELETE",
				"header": [
					{
						"key": "accept",
						"value": "application/xml"
					}
				],
				"url": {
					"raw": "https://petstore.swagger.io/v2/pet/{{petid}}",
					"protocol": "https",
					"host": [
						"petstore",
						"swagger",
						"io"
					],
					"path": [
						"v2",
						"pet",
						"{{petid}}"
					]
				},
				"description": "Generated from a curl request: \ncurl -X DELETE \\\"https://petstore.swagger.io/v2/pet/15435006002044\\\" -H \\\"accept: application/xml\\\""
			},
			"response": []
		}
	],
	"event": [
		{
			"listen": "prerequest",
			"script": {
				"type": "text/javascript",
				"exec": [
					""
				]
			}
		},
		{
			"listen": "test",
			"script": {
				"type": "text/javascript",
				"exec": [
					""
				]
			}
		}
	],
	"variable": [
		{
			"key": "petid",
			"value": ""
		}
	]
}