{
	"info": {
		"_postman_id": "d0335aa8-38de-4ace-93c4-9243e23b920e",
		"name": "BooksAPI-DataDriven",
		"schema": "https://schema.getpostman.com/json/collection/v2.1.0/collection.json",
		"_exporter_id": "4924228"
	},
	"item": [
		{
			"name": "SubmitOrder",
			"event": [
				{
					"listen": "test",
					"script": {
						"exec": [
							"pm.test(\"Status code is 201\",()=>{\r",
							"pm.response.to.have.status(201);\r",
							"});\r",
							"\r",
							"var jsonData=JSON.parse(responseBody);\r",
							"pm.environment.set(\"orderid_env\",jsonData.orderId);\r",
							""
						],
						"type": "text/javascript"
					}
				}
			],
			"request": {
				"auth": {
					"type": "bearer",
					"bearer": [
						{
							"key": "token",
							"value": "8f24280bff56db292efa6138790c1945dfa5df9c5de53704a73bf87f0d16caa3",
							"type": "string"
						}
					]
				},
				"method": "POST",
				"header": [],
				"body": {
					"mode": "raw",
					"raw": "{\r\n \"bookId\": \"{{BookID}}\",\r\n \"customerName\": \"{{CustomerName}}\"\r\n}",
					"options": {
						"raw": {
							"language": "json"
						}
					}
				},
				"url": {
					"raw": "https://simple-books-api.glitch.me/orders",
					"protocol": "https",
					"host": [
						"simple-books-api",
						"glitch",
						"me"
					],
					"path": [
						"orders"
					]
				}
			},
			"response": []
		},
		{
			"name": "Get  single Order",
			"event": [
				{
					"listen": "test",
					"script": {
						"exec": [
							"pm.test(\"Status code is 200\", function () {\r",
							"    pm.response.to.have.status(200);\r",
							"});\r",
							"\r",
							"pm.test(\"check orderID present in the response body\",() =>{\r",
							"var jsonData=pm.response.json();\r",
							"pm.expect(jsonData.id).to.eql(pm.environment.get(\"orderid_env\"));\r",
							"});"
						],
						"type": "text/javascript"
					}
				}
			],
			"request": {
				"auth": {
					"type": "bearer",
					"bearer": [
						{
							"key": "token",
							"value": "8f24280bff56db292efa6138790c1945dfa5df9c5de53704a73bf87f0d16caa3",
							"type": "string"
						}
					]
				},
				"method": "GET",
				"header": [],
				"url": {
					"raw": "https://simple-books-api.glitch.me/orders/{{orderid_env}}",
					"protocol": "https",
					"host": [
						"simple-books-api",
						"glitch",
						"me"
					],
					"path": [
						"orders",
						"{{orderid_env}}"
					]
				}
			},
			"response": []
		},
		{
			"name": "Delete order",
			"event": [
				{
					"listen": "test",
					"script": {
						"exec": [
							"pm.test(\"Status code is 204\", function () {\r",
							"    pm.response.to.have.status(204);\r",
							"});\r",
							"\r",
							"pm.environment.unset(\"orderid_env\");\r",
							""
						],
						"type": "text/javascript"
					}
				}
			],
			"request": {
				"auth": {
					"type": "bearer",
					"bearer": [
						{
							"key": "token",
							"value": "8f24280bff56db292efa6138790c1945dfa5df9c5de53704a73bf87f0d16caa3",
							"type": "string"
						}
					]
				},
				"method": "DELETE",
				"header": [],
				"url": {
					"raw": "https://simple-books-api.glitch.me/orders/{{orderid_env}}",
					"protocol": "https",
					"host": [
						"simple-books-api",
						"glitch",
						"me"
					],
					"path": [
						"orders",
						"{{orderid_env}}"
					]
				}
			},
			"response": []
		}
	]
}