{
	"info": {
		"_postman_id": "fe52b61b-09f2-42af-ba0d-eddb094fb22a",
		"name": "BooksAPI",
		"schema": "https://schema.getpostman.com/json/collection/v2.1.0/collection.json",
		"_exporter_id": "4924228"
	},
	"item": [
		{
			"name": "Create Token",
			"request": {
				"method": "POST",
				"header": [],
				"body": {
					"mode": "raw",
					"raw": "{\r\n \"clientName\": \"Training\",\r\n \"clientEmail\": \"training@gmail.com\"\r\n}\r\n",
					"options": {
						"raw": {
							"language": "json"
						}
					}
				},
				"url": {
					"raw": "https://simple-books-api.glitch.me/api-clients/",
					"protocol": "https",
					"host": [
						"simple-books-api",
						"glitch",
						"me"
					],
					"path": [
						"api-clients",
						""
					]
				}
			},
			"response": []
		},
		{
			"name": "StutusOfBooks",
			"request": {
				"method": "GET",
				"header": [],
				"url": {
					"raw": "https://simple-books-api.glitch.me/status",
					"protocol": "https",
					"host": [
						"simple-books-api",
						"glitch",
						"me"
					],
					"path": [
						"status"
					]
				}
			},
			"response": []
		},
		{
			"name": "ListOfBooks",
			"request": {
				"method": "GET",
				"header": [],
				"url": {
					"raw": "https://simple-books-api.glitch.me/books",
					"protocol": "https",
					"host": [
						"simple-books-api",
						"glitch",
						"me"
					],
					"path": [
						"books"
					]
				}
			},
			"response": []
		},
		{
			"name": "SingleBook",
			"request": {
				"method": "GET",
				"header": [],
				"url": {
					"raw": "https://simple-books-api.glitch.me/books/1",
					"protocol": "https",
					"host": [
						"simple-books-api",
						"glitch",
						"me"
					],
					"path": [
						"books",
						"1"
					]
				}
			},
			"response": []
		},
		{
			"name": "SubmitOrder",
			"request": {
				"auth": {
					"type": "bearer",
					"bearer": [
						{
							"key": "token",
							"value": "8f24280bff56db292efa6138790c1945dfa5df9c5de53704a73bf87f0d16caa3",
							"type": "string"
						}
					]
				},
				"method": "POST",
				"header": [],
				"body": {
					"mode": "raw",
					"raw": "{\r\n \"bookId\": 1,\r\n \"customerName\": \"John\"\r\n}",
					"options": {
						"raw": {
							"language": "json"
						}
					}
				},
				"url": {
					"raw": "https://simple-books-api.glitch.me/orders",
					"protocol": "https",
					"host": [
						"simple-books-api",
						"glitch",
						"me"
					],
					"path": [
						"orders"
					]
				}
			},
			"response": []
		},
		{
			"name": "Get All Orders",
			"request": {
				"auth": {
					"type": "bearer",
					"bearer": [
						{
							"key": "token",
							"value": "8f24280bff56db292efa6138790c1945dfa5df9c5de53704a73bf87f0d16caa3",
							"type": "string"
						}
					]
				},
				"method": "GET",
				"header": [],
				"url": {
					"raw": "https://simple-books-api.glitch.me/orders",
					"protocol": "https",
					"host": [
						"simple-books-api",
						"glitch",
						"me"
					],
					"path": [
						"orders"
					]
				}
			},
			"response": []
		},
		{
			"name": "Get  single Order",
			"request": {
				"auth": {
					"type": "bearer",
					"bearer": [
						{
							"key": "token",
							"value": "8f24280bff56db292efa6138790c1945dfa5df9c5de53704a73bf87f0d16caa3",
							"type": "string"
						}
					]
				},
				"method": "GET",
				"header": [],
				"url": {
					"raw": "https://simple-books-api.glitch.me/orders/-rP112ZIIG286WKRH3kJT",
					"protocol": "https",
					"host": [
						"simple-books-api",
						"glitch",
						"me"
					],
					"path": [
						"orders",
						"-rP112ZIIG286WKRH3kJT"
					]
				}
			},
			"response": []
		},
		{
			"name": "Update Order",
			"request": {
				"auth": {
					"type": "bearer",
					"bearer": [
						{
							"key": "token",
							"value": "8f24280bff56db292efa6138790c1945dfa5df9c5de53704a73bf87f0d16caa3",
							"type": "string"
						}
					]
				},
				"method": "PATCH",
				"header": [],
				"body": {
					"mode": "raw",
					"raw": "{\r\n \"customerName\": \"Scott\"\r\n}",
					"options": {
						"raw": {
							"language": "json"
						}
					}
				},
				"url": {
					"raw": "https://simple-books-api.glitch.me/orders/-rP112ZIIG286WKRH3kJT",
					"protocol": "https",
					"host": [
						"simple-books-api",
						"glitch",
						"me"
					],
					"path": [
						"orders",
						"-rP112ZIIG286WKRH3kJT"
					]
				}
			},
			"response": []
		},
		{
			"name": "Delete order",
			"request": {
				"auth": {
					"type": "bearer",
					"bearer": [
						{
							"key": "token",
							"value": "8f24280bff56db292efa6138790c1945dfa5df9c5de53704a73bf87f0d16caa3",
							"type": "string"
						}
					]
				},
				"method": "DELETE",
				"header": [],
				"url": {
					"raw": "https://simple-books-api.glitch.me/orders/-rP112ZIIG286WKRH3kJT",
					"protocol": "https",
					"host": [
						"simple-books-api",
						"glitch",
						"me"
					],
					"path": [
						"orders",
						"-rP112ZIIG286WKRH3kJT"
					]
				}
			},
			"response": []
		}
	]
}