{
	"info": {
		"_postman_id": "f5c023e0-7b14-4ca8-810d-e32338eed5dd",
		"name": "FileUpload",
		"schema": "https://schema.getpostman.com/json/collection/v2.1.0/collection.json",
		"_exporter_id": "4924228"
	},
	"item": [
		{
			"name": "SingleFileUpload",
			"request": {
				"method": "POST",
				"header": [],
				"body": {
					"mode": "formdata",
					"formdata": [
						{
							"key": "file",
							"type": "file",
							"src": "/C:/AutomationPractice/Test1.txt"
						}
					]
				},
				"url": {
					"raw": "http://localhost:8080/uploadFile",
					"protocol": "http",
					"host": [
						"localhost"
					],
					"port": "8080",
					"path": [
						"uploadFile"
					]
				}
			},
			"response": []
		},
		{
			"name": "MultipleFilesUpload",
			"request": {
				"method": "POST",
				"header": [],
				"body": {
					"mode": "formdata",
					"formdata": [
						{
							"key": "files",
							"type": "file",
							"src": []
						}
					]
				},
				"url": {
					"raw": "http://localhost:8080/uploadMultipleFiles",
					"protocol": "http",
					"host": [
						"localhost"
					],
					"port": "8080",
					"path": [
						"uploadMultipleFiles"
					]
				}
			},
			"response": []
		}
	]
}