{
	"info": {
		"_postman_id": "19695785-2c89-400e-8832-ffe973c9c72d",
		"name": "GorestAPI-Chaining",
		"schema": "https://schema.getpostman.com/json/collection/v2.1.0/collection.json",
		"_exporter_id": "4924228"
	},
	"item": [
		{
			"name": "Create User",
			"event": [
				{
					"listen": "prerequest",
					"script": {
						"exec": [
							"var random=Math.random().toString(36).substring(2);\r",
							"\r",
							"var useremail=\"jim\"+random+\"@gmail.com\";\r",
							"var username=\"jim\"+random;\r",
							"\r",
							"pm.environment.set(\"email_env\",useremail);\r",
							"pm.environment.set(\"name_env\",username);"
						],
						"type": "text/javascript"
					}
				},
				{
					"listen": "test",
					"script": {
						"exec": [
							"var jsonData=JSON.parse(responseBody);\r",
							"pm.environment.set(\"userid_env\",jsonData.id);\r",
							"\r",
							"\r",
							""
						],
						"type": "text/javascript"
					}
				}
			],
			"request": {
				"method": "POST",
				"header": [],
				"body": {
					"mode": "raw",
					"raw": "{\r\n\"name\": \"{{name_env}}\",\r\n \"gender\": \"male\",\r\n \"email\": \"{{email_env}}\",\r\n \"status\": \"inactive\"\r\n}\r\n",
					"options": {
						"raw": {
							"language": "json"
						}
					}
				},
				"url": {
					"raw": "https://gorest.co.in/public/v2/users",
					"protocol": "https",
					"host": [
						"gorest",
						"co",
						"in"
					],
					"path": [
						"public",
						"v2",
						"users"
					]
				}
			},
			"response": []
		},
		{
			"name": "Get User Details",
			"event": [
				{
					"listen": "test",
					"script": {
						"exec": [
							"//validating json fields in the response\r",
							"\r",
							"pm.test(\"values of json fields\", () =>{\r",
							"var jsonData=pm.response.json();\r",
							"\r",
							"pm.expect(jsonData.id).to.eql(pm.environment.get(\"userid_env\"));\r",
							"pm.expect(jsonData.email).to.eql(pm.environment.get(\"email_env\"));\r",
							"pm.expect(jsonData.name).to.eql(pm.environment.get(\"name_env\"));\r",
							"\r",
							"}\r",
							");"
						],
						"type": "text/javascript"
					}
				}
			],
			"request": {
				"method": "GET",
				"header": [],
				"url": {
					"raw": "https://gorest.co.in/public/v2/users/{{userid_env}}",
					"protocol": "https",
					"host": [
						"gorest",
						"co",
						"in"
					],
					"path": [
						"public",
						"v2",
						"users",
						"{{userid_env}}"
					]
				}
			},
			"response": []
		},
		{
			"name": "Update User",
			"event": [
				{
					"listen": "prerequest",
					"script": {
						"exec": [
							"var random=Math.random().toString(36).substring(2);\r",
							"\r",
							"var useremail=\"jim\"+random+\"@gmail.com\";\r",
							"var username=\"jim\"+random;\r",
							"\r",
							"pm.environment.set(\"email_env\",useremail);\r",
							"pm.environment.set(\"name_env\",username);"
						],
						"type": "text/javascript"
					}
				}
			],
			"request": {
				"method": "PUT",
				"header": [],
				"body": {
					"mode": "raw",
					"raw": "{\r\n\"name\": \"{{name_env}}\",\r\n \"email\": \"{{email_env}}\",\r\n \"status\": \"active\"\r\n}\r\n",
					"options": {
						"raw": {
							"language": "json"
						}
					}
				},
				"url": {
					"raw": "https://gorest.co.in/public/v2/users/{{userid_env}}",
					"protocol": "https",
					"host": [
						"gorest",
						"co",
						"in"
					],
					"path": [
						"public",
						"v2",
						"users",
						"{{userid_env}}"
					]
				}
			},
			"response": []
		},
		{
			"name": "Delete User",
			"event": [
				{
					"listen": "test",
					"script": {
						"exec": [
							"pm.environment.unset(\"userid_env\");\r",
							"pm.environment.unset(\"email_env\");\r",
							"pm.environment.unset(\"name_env\");\r",
							""
						],
						"type": "text/javascript"
					}
				}
			],
			"request": {
				"method": "DELETE",
				"header": [],
				"url": {
					"raw": "https://gorest.co.in/public/v2/users/{{userid_env}}",
					"protocol": "https",
					"host": [
						"gorest",
						"co",
						"in"
					],
					"path": [
						"public",
						"v2",
						"users",
						"{{userid_env}}"
					]
				}
			},
			"response": []
		}
	],
	"auth": {
		"type": "bearer",
		"bearer": [
			{
				"key": "token",
				"value": "c35e10e748c6f113775527bcef204e9929b4c9f4b995a8ee253eec46aed57b06",
				"type": "string"
			}
		]
	},
	"event": [
		{
			"listen": "prerequest",
			"script": {
				"type": "text/javascript",
				"exec": [
					""
				]
			}
		},
		{
			"listen": "test",
			"script": {
				"type": "text/javascript",
				"exec": [
					""
				]
			}
		}
	]
}