{
	"info": {
		"_postman_id": "fc6979f9-65bd-490b-8c07-6df51ffb9d7f",
		"name": "StudentAPIs-Chaining",
		"schema": "https://schema.getpostman.com/json/collection/v2.1.0/collection.json",
		"_exporter_id": "4924228"
	},
	"item": [
		{
			"name": "Create New Student",
			"event": [
				{
					"listen": "test",
					"script": {
						"exec": [
							"var jsonData=JSON.parse(responseBody);\r",
							"pm.environment.set(\"id\",jsonData.id);\r",
							""
						],
						"type": "text/javascript"
					}
				}
			],
			"request": {
				"method": "POST",
				"header": [],
				"body": {
					"mode": "raw",
					"raw": "{\r\n    \"name\": \"Scott\",\r\n    \"location\": \"France\",\r\n    \"phone\": \"123456\",\r\n    \"courses\": [\r\n        \"C\",\r\n        \"C++\"\r\n    ]\r\n}",
					"options": {
						"raw": {
							"language": "json"
						}
					}
				},
				"url": {
					"raw": "http://localhost:3000/students",
					"protocol": "http",
					"host": [
						"localhost"
					],
					"port": "3000",
					"path": [
						"students"
					]
				}
			},
			"response": []
		},
		{
			"name": "Get Single Student",
			"event": [
				{
					"listen": "test",
					"script": {
						"exec": [
							"pm.test(\"Status code is 200\", () => {\r",
							"  pm.response.to.have.status(200);\r",
							"});\r",
							"\r",
							""
						],
						"type": "text/javascript"
					}
				}
			],
			"request": {
				"method": "GET",
				"header": [],
				"url": {
					"raw": "http://localhost:3000/students/{{id}}",
					"protocol": "http",
					"host": [
						"localhost"
					],
					"port": "3000",
					"path": [
						"students",
						"{{id}}"
					]
				}
			},
			"response": []
		},
		{
			"name": "Delete Student",
			"request": {
				"method": "DELETE",
				"header": [],
				"url": {
					"raw": "http://localhost:3000/students/{{id}}",
					"protocol": "http",
					"host": [
						"localhost"
					],
					"port": "3000",
					"path": [
						"students",
						"{{id}}"
					]
				}
			},
			"response": []
		}
	]
}